{"cameraMode":{"drawMode":0,"name":"Shaded","section":"Shading Mode"},"sceneLighting":true,"audioPlay":false,"sceneViewState":{"showFog":true,"showMaterialUpdate":false,"showSkybox":true,"showFlares":true,"showImageEffects":true,"showParticleSystems":true},"in2DMode":false,"pivot":{"x":-1.9229843616485596,"y":-4.144123554229736,"z":6.646452903747559},"rotation":{"x":-0.318607896566391,"y":0.28272414207458498,"z":-0.09963240474462509,"w":-0.8996680378913879},"size":8.804447174072266,"orthographic":false}